{
    "all_pur_mean_diff_n": [
        [
            0.8259366116071426,
            0.6280948541666667,
            0.4129505595238097,
            0.31797729687500015,
            0.23704063764880937,
            0.20727963169642885,
            0.17589463616071443,
            0.15181280803571437,
            0.14213299330357151,
            0.13853313169642878,
            0.1346192351190477,
            0.13580269568452386,
            0.13206692261904784,
            0.1340671108630954,
            0.1324025602678572,
            0.12975146354166686
        ]
    ],
    "all_pur_std_diff_n": [
        [
            0.044325510483367955,
            0.07090688406194527,
            0.02120240817875333,
            0.007490428693254937,
            0.004254667613284685,
            0.006649549646849182,
            0.002423008699440674,
            0.001826348771435699,
            0.0021402420733614017,
            0.0009144100704218405,
            0.000519693854599149,
            0.0003463330189041821,
            0.0003475059879178297,
            0.0008339139644615956,
            0.0005569673649123255,
            0.0005363191250831661
        ]
    ],
    "all_R2d_mean_diff_n": [
        [
            0.09267513979014726,
            0.226811509370177,
            0.42597006635952495,
            0.5511364076030741,
            0.6923426724972847,
            0.7570281794567189,
            0.8357847972871785,
            0.906579516434891,
            0.9382830914524272,
            0.9505761832902735,
            0.9643514226125863,
            0.9601402219042727,
            0.973554638188341,
            0.9663335406515331,
            0.9723366048969605,
            0.9820631994264161
        ]
    ],
    "all_R2d_std_diff_n": [
        [
            0.026277747621564058,
            0.05558723963977089,
            0.025169522147719937,
            0.011425702216864295,
            0.008685520759764802,
            0.01530892743958661,
            0.006657239176381072,
            0.005767347147256142,
            0.007211569290128622,
            0.0031803356467812742,
            0.0018548387542135128,
            0.001225763418480239,
            0.0012655391654802426,
            0.0029895667588195262,
            0.0020199699565687677,
            0.001986628408282911
        ]
    ]
}