{
    "all_pur_mean_diff_n": [
        [
            0.981344243514153,
            0.756800994457545,
            0.6028741949292439,
            0.5583358093160379,
            0.4286460010613195,
            0.36511249139150914,
            0.3053524726415094,
            0.2588629678066039,
            0.23130886910377288,
            0.21443918655660454,
            0.18841502252358525,
            0.17175119705188646,
            0.15978630341981107,
            0.15038664740566024,
            0.14443300790094338,
            0.1394399454009434
        ]
    ],
    "all_pur_std_diff_n": [
        [
            0.11519261155944671,
            0.03560083591579614,
            0.04201751236370877,
            0.010749693137347222,
            0.009741638612276685,
            0.004199719657779576,
            0.008642612635185577,
            0.003942358823138758,
            0.004728523142137079,
            0.004485465325711002,
            0.0020493944382905397,
            0.0017449471457431811,
            0.0011306766182638227,
            0.0020125773401213913,
            0.000580370599518407,
            0.0014219509860105158
        ]
    ],
    "all_R2d_mean_diff_n": [
        [
            0.01238000337323042,
            0.13454396418373904,
            0.2444997922175414,
            0.28035476087002925,
            0.4075059895369832,
            0.48456090217238107,
            0.5706764849487564,
            0.6499690681524287,
            0.704135402433587,
            0.74055861408855,
            0.802699703309659,
            0.8472274508074514,
            0.8819401163650453,
            0.91112673339215,
            0.9305130783357187,
            0.9474531002898107
        ]
    ],
    "all_R2d_std_diff_n": [
        [
            0.05658540262402855,
            0.022849857393138995,
            0.032968563141143235,
            0.009307607925242246,
            0.011016494206018287,
            0.00554019796184318,
            0.013593808399778473,
            0.007336764302592755,
            0.009763242467325746,
            0.010075872488160545,
            0.005215540268087273,
            0.004883539484691952,
            0.0033946553600594743,
            0.006412980639440062,
            0.0019296576366594693,
            0.004909009581664252
        ]
    ]
}