{
    "all_pur_mean_diff_n": [
        [
            1.0606466875776401,
            0.803771202484472,
            0.5755474819875779,
            0.5079620093167695,
            0.40852071739130436,
            0.3491828347826087,
            0.3108464335403734,
            0.2518792279503117,
            0.22785020931677027,
            0.19902491490683286,
            0.17677068385093186,
            0.16795136273291944,
            0.1569525906832301,
            0.15196376335403736,
            0.14462401304347847,
            0.14156207267080745
        ]
    ],
    "all_pur_std_diff_n": [
        [
            0.12308794713600028,
            0.07388082881075592,
            0.03841144415500749,
            0.04595720130765116,
            0.027927198234371592,
            0.007009176480633003,
            0.015329594670698865,
            0.01260836551022455,
            0.009300434689490612,
            0.0007319049897204109,
            0.006250723660745136,
            0.002306170363509138,
            0.0039021427299667194,
            0.002644300820018048,
            0.0018655241522474585,
            0.002136338673530214
        ]
    ],
    "all_R2d_mean_diff_n": [
        [
            -0.025117335698783393,
            0.10704715140108255,
            0.2667131991255131,
            0.3277216787358676,
            0.4316695583878493,
            0.5060786708498148,
            0.5624824513181723,
            0.6636647760277801,
            0.7116748722297587,
            0.7763295962382902,
            0.8336457572917979,
            0.8580068281042394,
            0.8906826121888217,
            0.9061392653040204,
            0.9299134575781264,
            0.9402194850090996
        ]
    ],
    "all_R2d_std_diff_n": [
        [
            0.0552751059038552,
            0.04367476984368573,
            0.03159202107367397,
            0.043800853158796185,
            0.03373326273859598,
            0.009650780496213419,
            0.023378058983952732,
            0.023981160248457607,
            0.01938726012974592,
            0.001766334631489827,
            0.016809351105288608,
            0.0065990826688352095,
            0.012010409228262282,
            0.008328578692321755,
            0.0061786455766802495,
            0.007286024402812582
        ]
    ]
}