{
    "all_pur_mean_diff_n": [
        [
            1.0396625773366814,
            0.7724036309798955,
            0.6387981129145685,
            0.5150393856281416,
            0.42137567090452116,
            0.3493420592964825,
            0.2873423554773845,
            0.2557451223869334,
            0.22531300464824022,
            0.2036083919346723,
            0.18166147856783868,
            0.168262319874371,
            0.15890925130653064,
            0.14953708148241204,
            0.14250113361808972,
            0.139445317336683
        ]
    ],
    "all_pur_std_diff_n": [
        [
            0.13133320533877996,
            0.06834158863245261,
            0.005590798228943773,
            0.010091178179491685,
            0.012037744217913494,
            0.0068875930722869065,
            0.008230889020165374,
            0.0017838720297206677,
            0.005491907681216631,
            0.0004766110166174335,
            0.0011008680857119099,
            0.0009194770082830766,
            0.0005726993272351798,
            0.0006467369273863032,
            0.0003029320316160936,
            0.0006439533842176799
        ]
    ],
    "all_R2d_mean_diff_n": [
        [
            -0.014591334048329054,
            0.12601392921177093,
            0.2155410651311632,
            0.31917328565709036,
            0.4158057480331137,
            0.5058559958396732,
            0.5999187615825107,
            0.6557521172725007,
            0.716807744618777,
            0.7653783402237847,
            0.8202340184472074,
            0.8570791578323239,
            0.8845781181615475,
            0.9138127620911839,
            0.9369859852580711,
            0.9474146557563666
        ]
    ],
    "all_R2d_std_diff_n": [
        [
            0.06396394446689083,
            0.041526624735307854,
            0.004202974057591711,
            0.00936099168994717,
            0.013868254163257147,
            0.00947729302456538,
            0.013896447097394979,
            0.0033461689984951473,
            0.011663234879905556,
            0.0011252776461522036,
            0.002914044759413552,
            0.002625931272621717,
            0.0017342043812373438,
            0.0020775268079403276,
            0.0010216483302374292,
            0.002218363452462387
        ]
    ]
}