{
    "all_pur_mean_diff_n": [
        [
            0.8997282333333333,
            0.8287504333333334,
            0.5053936333333334,
            0.47355110000000006,
            0.34163940000000004,
            0.28957936666666667,
            0.24265173333333337,
            0.2114676,
            0.21603419999999995,
            0.20150890000000002,
            0.16971499999999998,
            0.17156430000000003,
            0.14470823333333335,
            0.13960206666666666,
            0.14872273333333333,
            0.13591999999999999
        ]
    ],
    "all_pur_std_diff_n": [
        [
            0.11335620418125422,
            0.24298051152518854,
            0.15857273140012307,
            0.04146865753079869,
            0.04013797451948304,
            0.027976471748040164,
            0.05256285536874456,
            0.012461345806399356,
            0.03936470460205011,
            0.01888639681481534,
            0.009289071456645528,
            0.007737604759010795,
            0.003936369498521326,
            0.0022485642268394827,
            0.014948340662502372,
            0.005056306393669836
        ]
    ],
    "all_R2d_mean_diff_n": [
        [
            0.05457077318486734,
            0.11073840203513179,
            0.3524724331550586,
            0.3613792162512306,
            0.5197114242528124,
            0.5983513412530042,
            0.692091638399334,
            0.7480211898770399,
            0.7447405850370861,
            0.7725565796056966,
            0.8536487988273734,
            0.8482059807421725,
            0.9297707185668173,
            0.9469315266365649,
            0.9188228693475206,
            0.960061047372541
        ]
    ],
    "all_R2d_std_diff_n": [
        [
            0.059879574546400985,
            0.13958862162187394,
            0.15388063385409456,
            0.04323026401166345,
            0.055306423358277665,
            0.04825118023449705,
            0.10271937097422884,
            0.028903667683591754,
            0.08651819525427763,
            0.046382380892161595,
            0.026058517937703803,
            0.021375599250699585,
            0.013031794079078398,
            0.0077346950530682,
            0.04772460984503875,
            0.018084184573062025
        ]
    ]
}